dataset_id,system,source_orbit_type,orbit_type,variant,libration_point,branch,resonance,source_file,family_csv,row_count,jacobi_min,jacobi_max,period_min,period_max,stability_min,stability_max,mu,length_unit_km,time_unit_s,radius_secondary,script_status
earth-moon_axial_L1,earth-moon,axial,axial,L1,L1,,,earth-moon_axial_L1.xlsx,families/axial.csv,2498,2.99179892813837,3.02083746607599,3.9520274666159665,4.065181732293027,201.307718912687,254.239834758353,0.01215058560962404,389703.264829278,382981.289129055,1737.1,script_incomplete
earth-moon_axial_L2,earth-moon,axial,axial,L2,L2,,,earth-moon_axial_L2.xlsx,families/axial.csv,2198,2.96708305337137,3.01376751383922,4.310509145566396,4.4221730146435165,127.885025638735,167.671738642872,0.01215058560962404,389703.264829278,382981.289129055,1737.1,script_incomplete
earth-moon_axial_L3,earth-moon,axial,axial,L3,L3,,,earth-moon_axial_L3.xlsx,families/axial.csv,6999,0.0307638069870353,1.8590896984725,6.2616198402806775,6.266608378962895,1.04986230148363,1.16074344611811,0.01215058560962404,389703.264829278,382981.289129055,1737.1,script_incomplete
earth-moon_axial_L4,earth-moon,axial,axial,L4,L4,,,earth-moon_axial_L4.xlsx,families/axial.csv,7003,1.94014937287244,2.94602431105036,2.16874629368462,6.296598301221006,1.00000000018422,5.41221894839694,0.01215058560962404,389703.264829278,382981.289129055,1737.1,script_incomplete
earth-moon_axial_L5,earth-moon,axial,axial,L5,L5,,,earth-moon_axial_L5.xlsx,families/axial.csv,7003,1.94014937287244,2.94602431105036,2.16874629368462,6.296598301221006,1.00000000018417,5.41221894839595,0.01215058560962404,389703.264829278,382981.289129055,1737.1,script_incomplete
earth-moon_butterfly_N,earth-moon,butterfly,butterfly,N,,N,,earth-moon_butterfly_N.xlsx,families/butterfly.csv,3238,2.74541236091503,3.09106000718193,2.7486551970631994,11.555291205753774,1.0,211.184678346281,0.01215058560962404,389703.264829278,382981.289129055,1737.1,script_incomplete
earth-moon_butterfly_S,earth-moon,butterfly,butterfly,S,,S,,earth-moon_butterfly_S.xlsx,families/butterfly.csv,3238,2.74541236091503,3.09106000718193,2.7486551970631994,11.555291205753774,1.0,211.184678346281,0.01215058560962404,389703.264829278,382981.289129055,1737.1,script_incomplete
earth-moon_dpo,earth-moon,dpo,dpo,,,,,earth-moon_dpo.xlsx,families/dpo.csv,5168,2.93749448467141,4.33815199075767,0.04820063633266154,9.640037345181575,1.0,2656.25369089274,0.01215058560962404,389703.264829278,382981.289129055,1737.1,supported
earth-moon_dragonfly_N,earth-moon,dragonfly,dragonfly,N,,N,,earth-moon_dragonfly_N.xlsx,families/dragonfly.csv,1409,2.93330785573939,3.02299115838376,5.510396579508037,7.170478444336523,209.028460864691,287.459474423421,0.01215058560962404,389703.264829278,382981.289129055,1737.1,script_missing
earth-moon_dragonfly_S,earth-moon,dragonfly,dragonfly,S,,S,,earth-moon_dragonfly_S.xlsx,families/dragonfly.csv,1409,2.93330785573939,3.02299115838376,5.510396579508037,7.170478444336523,209.028460864691,287.459474423421,0.01215058560962404,389703.264829278,382981.289129055,1737.1,script_missing
earth-moon_dro,earth-moon,dro,dro,,,,,earth-moon_dro.xlsx,families/dro.csv,10998,1.5410005957354,4.60286512908412,0.03517544463121332,6.305215232757937,1.0,1.0002393302144,0.01215058560962404,389703.264829278,382981.289129055,1737.1,supported
earth-moon_halo_L1_N,earth-moon,halo,halo,L1_N,L1,N,,earth-moon_halo_L1_N.xlsx,families/halo.csv,5731,0.195162730858155,3.17434351933012,1.803672065562651,3.123314392276159,1.0,1180.40653338576,0.01215058560962404,389703.264829278,382981.289129055,1737.1,supported
earth-moon_halo_L1_S,earth-moon,halo,halo,L1_S,L1,S,,earth-moon_halo_L1_S.xlsx,families/halo.csv,5731,0.195162730858155,3.17434351933012,1.803672065562651,3.123314392276159,1.0,1180.40653413101,0.01215058560962404,389703.264829278,382981.289129055,1737.1,supported
earth-moon_halo_L2_N,earth-moon,halo,halo,L2_N,L2,N,,earth-moon_halo_L2_N.xlsx,families/halo.csv,1535,3.01517767456737,3.15844451715308,0.7191707018171736,3.4155308065628454,1.0,606.11248638188,0.01215058560962404,389703.264829278,382981.289129055,1737.1,supported
earth-moon_halo_L2_S,earth-moon,halo,halo,L2_S,L2,S,,earth-moon_halo_L2_S.xlsx,families/halo.csv,1535,3.01517767456737,3.15844451715308,0.7191707018171736,3.4155308065628454,1.0,606.112486635999,0.01215058560962404,389703.264829278,382981.289129055,1737.1,supported
earth-moon_halo_L3_N,earth-moon,halo,halo,L3_N,L3,N,,earth-moon_halo_L3_N.xlsx,families/halo.csv,6175,1.05176597897066,2.42349218358765,5.023556017668657,6.239147109296424,1.0,1.38283997251452,0.01215058560962404,389703.264829278,382981.289129055,1737.1,unsupported_parameter
earth-moon_halo_L3_S,earth-moon,halo,halo,L3_S,L3,S,,earth-moon_halo_L3_S.xlsx,families/halo.csv,6175,1.05176597897066,2.42349218358765,5.023556017668657,6.239147109296424,1.0,1.38283997251452,0.01215058560962404,389703.264829278,382981.289129055,1737.1,unsupported_parameter
earth-moon_longp_L4,earth-moon,longp,lpo,L4,L4,,,earth-moon_longp_L4.xlsx,families/lpo.csv,4703,2.71168672424199,2.99796102880382,21.069795860362103,26.223218166582974,1.0,61.9927731274966,0.01215058560962404,389703.264829278,382981.289129055,1737.1,script_incomplete
earth-moon_longp_L5,earth-moon,longp,lpo,L5,L5,,,earth-moon_longp_L5.xlsx,families/lpo.csv,4703,2.71168672424199,2.99796102880382,21.069795860362103,26.223218166582974,1.0,61.992772707153,0.01215058560962404,389703.264829278,382981.289129055,1737.1,script_incomplete
earth-moon_lpo_E,earth-moon,lpo,lpo_directional,E,,E,,earth-moon_lpo_E.xlsx,families/lpo_directional.csv,2695,3.15669790776036,3.18266698040046,1.341469751376701,3.5611269532191465,1.0,51.391019250215,0.01215058560962404,389703.264829278,382981.289129055,1737.1,semantic_uncertain
earth-moon_lpo_W,earth-moon,lpo,lpo_directional,W,,W,,earth-moon_lpo_W.xlsx,families/lpo_directional.csv,2726,3.17940873309637,3.52616103668317,0.19789613320223262,2.7102375834587766,1.0,32.5152677434395,0.01215058560962404,389703.264829278,382981.289129055,1737.1,semantic_uncertain
earth-moon_lyapunov_L1,earth-moon,lyapunov,lyapunov,L1,L1,,,earth-moon_lyapunov_L1.xlsx,families/lyapunov.csv,3108,2.74151447391072,3.18834111546061,2.691579556791744,7.445849087853099,53.6706822030544,1337.71033450654,0.01215058560962404,389703.264829278,382981.289129055,1737.1,script_incomplete
earth-moon_lyapunov_L2,earth-moon,lyapunov,lyapunov,L2,L2,,,earth-moon_lyapunov_L2.xlsx,families/lyapunov.csv,4298,2.87259018127887,3.17216041794078,3.3732582162214264,8.213913320015413,49.6031907882256,726.776225649051,0.01215058560962404,389703.264829278,382981.289129055,1737.1,script_incomplete
earth-moon_lyapunov_L3,earth-moon,lyapunov,lyapunov,L3,L3,,,earth-moon_lyapunov_L3.xlsx,families/lyapunov.csv,5498,1.62564320605097,3.01214714234023,6.218390330998648,6.272720767920865,1.0,1.67669495582269,0.01215058560962404,389703.264829278,382981.289129055,1737.1,script_incomplete
earth-moon_resonant_11,earth-moon,resonant,resonant,11,,,11,earth-moon_resonant_11.xlsx,families/resonant.csv,2052,1.85072812762492,2.24020856612768,6.2663535028310315,6.297008694115807,1.00013914707323,1.00023933022667,0.01215058560962404,389703.264829278,382981.289129055,1737.1,unsupported_parameter
earth-moon_resonant_12,earth-moon,resonant,resonant,12,,,12,earth-moon_resonant_12.xlsx,families/resonant.csv,11998,1.45335211077064,2.89949347329886,10.231034242178028,12.573146289972547,1.0,74.1578820504385,0.01215058560962404,389703.264829278,382981.289129055,1737.1,unsupported_parameter
earth-moon_resonant_13,earth-moon,resonant,resonant,13,,,13,earth-moon_resonant_13.xlsx,families/resonant.csv,19782,1.02679859922514,2.84040897087242,16.657173139992235,18.86531339576997,1.49850184970984,417.427036972349,0.01215058560962404,389703.264829278,382981.289129055,1737.1,unsupported_parameter
earth-moon_resonant_14,earth-moon,resonant,resonant,14,,,14,earth-moon_resonant_14.xlsx,families/resonant.csv,13147,1.09035252048113,3.2695362049072,25.115314584921652,25.185598196171664,1.21796052208887,5.10976963473438,0.01215058560962404,389703.264829278,382981.289129055,1737.1,unsupported_parameter
earth-moon_resonant_21,earth-moon,resonant,resonant,21,,,21,earth-moon_resonant_21.xlsx,families/resonant.csv,7467,2.39332373938576,3.17219461865408,5.886850477233688,6.296463135408091,1.0,1.00003161032398,0.01215058560962404,389703.264829278,382981.289129055,1737.1,unsupported_parameter
earth-moon_resonant_23,earth-moon,resonant,resonant,23,,,23,earth-moon_resonant_23.xlsx,families/resonant.csv,9507,2.26697854124472,2.96966354247124,16.504566106592687,18.735499185405928,2.07769957651302,95.9597729404313,0.01215058560962404,389703.264829278,382981.289129055,1737.1,unsupported_parameter
earth-moon_resonant_31,earth-moon,resonant,resonant,31,,,31,earth-moon_resonant_31.xlsx,families/resonant.csv,12156,2.49465284349566,3.36961196061724,6.264646310477123,6.538274659323235,1.37356401266321,8.49306435112713,0.01215058560962404,389703.264829278,382981.289129055,1737.1,script_incomplete
earth-moon_resonant_32,earth-moon,resonant,resonant,32,,,32,earth-moon_resonant_32.xlsx,families/resonant.csv,8215,2.70506122293969,3.059058434386,10.526159802259516,12.92459101188292,1.0,33.8267667481738,0.01215058560962404,389703.264829278,382981.289129055,1737.1,script_incomplete
earth-moon_resonant_34,earth-moon,resonant,resonant,34,,,34,earth-moon_resonant_34.xlsx,families/resonant.csv,10717,2.14091227103283,2.96952051958129,22.570926404456344,25.249918371266634,1.0,168.852628959751,0.01215058560962404,389703.264829278,382981.289129055,1737.1,unsupported_parameter
earth-moon_resonant_41,earth-moon,resonant,resonant,41,,,41,earth-moon_resonant_41.xlsx,families/resonant.csv,8014,3.40000404970979,3.77261404825526,6.275290145228036,6.319931874537127,1.0,1.00636559960285,0.01215058560962404,389703.264829278,382981.289129055,1737.1,unsupported_parameter
earth-moon_resonant_43,earth-moon,resonant,resonant,43,,,43,earth-moon_resonant_43.xlsx,families/resonant.csv,7517,2.24210674201051,2.58885518965277,18.528290764433272,19.170597234987476,1.0,16.3569996426139,0.01215058560962404,389703.264829278,382981.289129055,1737.1,unsupported_parameter
earth-moon_short_L4,earth-moon,short,spo,L4,L4,,,earth-moon_short_L4.xlsx,families/spo.csv,6999,2.0181025145306,2.98799705010891,6.285834624425885,6.582692158298978,1.0,1.00000000000423,0.01215058560962404,389703.264829278,382981.289129055,1737.1,script_incomplete
earth-moon_short_L5,earth-moon,short,spo,L5,L5,,,earth-moon_short_L5.xlsx,families/spo.csv,6999,2.01810251396845,2.98799705010924,6.285834624363579,6.582692151858179,1.0,1.000000000012,0.01215058560962404,389703.264829278,382981.289129055,1737.1,script_incomplete
earth-moon_vertical_L1,earth-moon,vertical,vertical,L1,L1,,,earth-moon_vertical_L1.xlsx,families/vertical.csv,6670,-0.820133585729988,2.99617593983767,4.0188102048786885,6.299874862351734,1.42403398554815,263.734000399635,0.01215058560962404,389703.264829278,382981.289129055,1737.1,script_incomplete
earth-moon_vertical_L2,earth-moon,vertical,vertical,L2,L2,,,earth-moon_vertical_L2.xlsx,families/vertical.csv,9651,-1.12659856102396,2.89800645628467,4.984024246922832,6.297575547612384,1.00012771197327,241.799861996432,0.01215058560962404,389703.264829278,382981.289129055,1737.1,script_incomplete
earth-moon_vertical_L3,earth-moon,vertical,vertical,L3,L3,,,earth-moon_vertical_L3.xlsx,families/vertical.csv,6999,-1.33308566060321,2.58231803041642,6.250494093996609,6.971633013569876,1.0,1.59671533513326,0.01215058560962404,389703.264829278,382981.289129055,1737.1,script_incomplete
earth-moon_vertical_L4,earth-moon,vertical,vertical,L4,L4,,,earth-moon_vertical_L4.xlsx,families/vertical.csv,9172,-0.644023208803893,1.83466455106048,6.297676195424915,6.3110768063112905,1.00120754589215,1.0048215109333,0.01215058560962404,389703.264829278,382981.289129055,1737.1,script_incomplete
earth-moon_vertical_L5,earth-moon,vertical,vertical,L5,L5,,,earth-moon_vertical_L5.xlsx,families/vertical.csv,9172,-0.644023208803893,1.83466455106048,6.297676195424915,6.3110768063112905,1.00120754589197,1.00482151093372,0.01215058560962404,389703.264829278,382981.289129055,1737.1,script_incomplete
